,0,1,2,3,4,5,6,7,8,9,10,11,12,13,14,15,16,17,18,19,20,21,22,23,24,25,26,27,28,29,30,31,32,33,34,35,36,37,38,39,40,41,42,43,44,45,46,47,48,49,50,51,52,53,54,55,56,57,58,59,60,61,62,63
1,0.19816148,0.29509202,1.0495427,0.09905206,-0.17450601,-0.2948205,-0.0037443007,-0.22987151,-0.12358216,0.374842,0.031848427,0.52240217,-0.19846861,-0.47081304,0.14851029,0.0999403,-0.34342805,-0.086174704,-0.01204992,-0.6377949,0.08161514,-0.29248226,0.40447193,-0.22408074,-0.15809166,-0.51338327,0.22179386,-0.08459707,-0.37914652,0.33343917,0.08923069,-0.115200795,-0.33927822,0.103791334,-0.74784577,0.51327825,-0.05978899,-0.3581654,0.03486319,0.30481625,0.2609924,0.1831069,0.28480992,-0.429978,0.12146833,-0.16563006,0.18208359,-0.1988009,0.30658105,0.10231592,-0.056624617,0.15693618,0.26577938,0.19316891,0.060728494,-0.089162216,-0.4681976,-0.24111822,0.00021088748,0.20706299,-0.17670748,0.38885984,0.41728893,-0.18414937
2,0.08544497,0.5081547,0.1236934,-0.35023177,0.24335793,-0.09530345,0.101830006,-0.40339813,-0.26572612,-0.116506405,0.026493229,-0.2884608,0.12878725,-0.16156168,0.10479735,0.07626259,-0.30402935,-0.04165267,0.6683735,-0.14319256,0.09622252,0.21991761,0.084512986,-0.08121233,-0.18428311,-0.44897985,-0.11874777,0.32237205,0.008255221,0.27493924,-0.39051086,-0.32392347,-0.27335078,0.22223781,0.20801874,-0.34330747,-0.28785703,-0.20364407,-0.33911866,0.13365303,0.027593391,-0.19684215,-0.3505985,-0.22954038,0.21155305,-0.4112206,0.26816556,0.62393963,-0.064176545,-0.23048045,-0.07224364,-0.3029938,-0.13337232,-0.1074755,-0.30355117,0.24196176,-0.31288,0.080851,-0.19016694,-0.006510166,0.10724612,-0.30696794,0.40236518,-0.38297057
3,0.0010637081,0.14451703,-0.062030163,-0.45544735,0.44442636,-0.10313211,-0.41931176,0.1434395,-0.056352325,-0.21869658,0.10801363,-0.20963566,0.11176913,-0.2520878,-0.31783268,-0.2124264,-0.43929884,0.062869206,-0.056675546,-0.3404089,-0.16181485,0.025979653,0.20541067,-0.08102033,0.19779372,-0.19548039,0.25726372,-0.35947555,-0.33189613,-0.15763788,0.30349258,0.39867148,0.3100248,-0.30057925,-0.19365576,0.03984312,-0.2763364,-1.0697309,-0.35508287,-0.45409793,-0.1266108,-0.18325354,0.19060914,0.041750837,-0.1947282,-0.31181794,0.12942055,0.44623297,-0.37874433,0.3349675,0.07546249,-0.034393553,-0.5222417,-0.30013207,0.22359845,0.31432804,-0.3596784,0.44738325,0.21990736,0.06349745,-0.11205333,-0.12671725,-0.28341898,-0.4246987
4,-0.14642434,0.14569837,0.17989881,0.2882746,-0.23175783,-0.09604427,-0.3790762,-0.051532768,-0.6563307,-0.26470095,-0.23188807,-0.37021485,0.17787224,-0.09328164,-0.07614042,-0.35001597,-0.5199476,-0.33725607,0.17962806,-0.49054742,0.26719615,0.065580614,-0.17961691,-0.19815344,0.24510254,0.306013,0.29210392,-0.10404308,-0.5255665,0.29524463,0.20823148,0.17851785,0.07747095,0.3595796,-0.0020098889,-0.18605976,-0.014524536,0.26736322,-0.1850641,-0.33262447,0.015233704,0.26667038,0.07410131,0.3447593,0.302939,-0.039187215,-0.093570806,-0.020087233,0.26581824,-0.539615,-0.46599036,0.076355815,-0.16587397,-0.16017535,-0.47184476,0.23239301,-0.08269898,-0.059708573,0.077274084,-0.084041975,0.11288812,-0.034806874,-0.013950919,0.11599226
5,-0.6036377,0.09689073,0.29031143,0.16144817,-0.17921054,-0.584795,0.3306071,-0.11206247,-0.20272402,-0.5622831,0.45659795,-0.07693321,-0.55083805,-0.14896809,-0.07239442,0.06619322,-0.73470736,0.36518398,0.09532938,-0.2922074,-0.027953118,-0.24098475,0.07794402,0.019824032,-0.30936104,0.1717526,-0.1566477,0.36547086,-0.02101028,-0.0036527119,-0.35765976,-0.07875426,-0.04757211,0.41830808,-0.4080525,-0.17753564,0.37583843,-0.06455815,0.11563679,-0.6485349,-0.3116961,-0.16597718,0.2795579,0.33690524,-0.2414903,-0.12713787,0.53233266,-0.038295005,-0.36551026,0.42247957,-0.4439451,0.05467915,0.2348323,0.1717062,-0.4957494,-0.023476558,0.7829639,0.28701648,-0.17380194,-0.07678621,-0.48315495,-0.05095176,-0.35070974,-0.20067587
6,-0.18836264,0.8798175,-0.0760335,-0.1666996,-0.16025023,0.47042623,-0.37157813,0.74223,-0.08916967,0.2678622,0.3805437,0.4477649,0.699846,0.35427192,-0.05000335,0.056383356,-0.28978097,0.6728069,0.48802942,-0.4996297,-0.33037764,-0.028902743,-0.17556836,-0.046988823,0.04780818,-0.009717931,0.04995341,-0.08347479,0.22882023,-0.15147288,-0.05456792,0.031090245,0.03378937,0.25378293,-0.09350093,-0.21177302,0.33825335,-0.247909,0.13998054,-0.19645195,-0.3491836,0.5590978,-0.15930499,-0.21918382,0.34981245,-0.514474,0.20107819,0.3055893,-0.27888194,-0.10648089,-0.11387905,0.18052402,0.32934254,0.46789917,-0.13866268,0.5878075,-0.22596624,-0.11563088,0.1591735,-0.16225137,-0.0031982202,0.37590852,-0.3379603,0.14911175
7,-0.08872273,0.15680155,-0.37260827,-0.24454823,-0.07942268,0.22119026,0.6801226,-0.15637143,0.03599335,-0.036794066,-0.04135622,0.05193914,-0.1425808,0.10258078,-0.26059297,0.24390611,-1.0757234,-0.08661069,0.23339006,-0.65588754,-0.6471898,0.25080445,0.64587945,-0.0113177495,0.143494,-0.46998844,0.012929828,-0.028475318,0.03452722,-0.35494047,0.119690776,0.10190829,-0.3587737,0.01286776,0.28897572,0.23157613,0.16261719,0.329197,-0.26220542,-0.40945944,-0.0012465572,-0.14761114,-0.1871058,-0.19923003,0.050098263,-0.055889454,0.31841335,-0.44869834,0.23680902,-0.37328714,-0.019759597,0.5873519,-0.1509977,-0.41693416,-0.086339384,-0.24463843,-0.2795945,0.045353968,0.26476762,0.08702853,-0.27237672,-0.5847217,0.2237733,0.25736064
8,-0.66248417,-0.60397774,-0.09167741,0.035481956,0.008700012,-0.95827234,-0.8075619,0.10382538,0.81632006,0.2294109,0.18889967,0.5747874,-1.1631497,0.38103333,-0.032533117,0.77518785,0.36120278,-0.3655537,1.0380229,-0.79409164,-0.3457613,-0.008941544,-0.6578474,0.94649917,0.5370228,0.4414659,-0.22527228,-1.0832597,0.56499636,-0.060515147,0.4609336,0.15496863,-0.45755875,-0.7843491,0.54853123,-0.03541429,-0.65569675,0.530027,0.08945981,0.212298,-0.046140425,0.46379295,0.18508321,-0.069444515,0.5952915,0.32025892,0.34055018,0.5684943,-0.22068657,-0.024062388,-0.86642325,-0.36277995,0.11645984,0.5960301,-1.219864,0.9552971,-0.9885459,-0.017919308,0.016882705,-0.19882868,-0.8575784,-0.14830804,0.029261958,-0.43066746
9,-0.48201185,-0.34990534,-0.0118018,0.3501656,0.032431535,0.061578646,0.24914119,-0.16912425,0.13328841,0.15811312,-0.1433393,0.007310501,0.07757487,0.0022202132,-0.17339656,0.42486322,-0.37446216,0.42596915,0.31639975,0.30421463,0.29037765,-0.102517605,-0.06367382,-0.5804422,-0.3723538,0.90130216,-0.0005957838,0.0944113,-0.24087216,0.2728049,-0.096763276,0.023123913,-0.0136389015,-0.26429847,-0.0919271,0.16826546,0.3179902,-0.61901003,-0.47393665,0.22097763,0.33006755,1.0565159,-0.1518524,-0.2655168,-0.28707415,-0.19165473,0.15318808,0.12692231,0.017094983,0.14702402,-0.6261199,0.50750464,-0.09457282,-0.754788,-0.37242973,-0.59129775,-0.66629446,0.5219446,-0.3353089,0.57699174,0.23395434,-0.1133623,0.13338284,-0.31170857
11,0.026142377,0.4383307,0.1912308,0.45490706,0.70440346,-0.27058002,0.09262525,-0.019884987,-0.17924166,-0.29332003,-0.06358036,0.52158105,0.24165536,-0.18541625,-0.58313346,-0.19066201,-0.33064777,0.2638131,-0.015185788,0.24331899,-0.2921194,-0.067238435,-0.3539205,-0.2851304,0.2545805,0.5343857,0.34606698,-0.0029639232,-0.27925017,-0.18112849,0.44693464,-0.41144657,-0.25693727,0.066258505,0.23131086,-0.012008188,-0.24860324,0.19021262,0.16116874,0.19536468,-0.32044834,0.18673311,-0.13930036,0.1572357,0.26550603,-0.0773665,0.42049667,-0.24865374,-0.70360357,0.21916273,0.23644453,0.3903251,-0.33786836,-0.113115594,0.045752175,-0.022537472,0.19883627,-0.3090832,-0.04495204,0.21319155,-0.3021737,0.070409216,0.56344956,-0.19079928
12,-0.055598564,0.06156173,-0.23566204,-0.2735282,-0.12831219,-0.03918628,-0.0563605,-0.30100775,-0.1922673,-0.29755667,0.08027533,0.3372127,0.016143939,0.045254666,-0.033826414,-0.089565545,-0.26475346,-0.22651802,-0.0041381647,0.11291559,-0.2497625,-0.08441272,-0.14515033,-0.3173602,-0.10091624,0.09157045,0.011344181,-0.10777104,-0.35913253,-0.20980316,0.15610202,-0.27375332,0.15268685,0.3191133,0.29614833,-0.3964376,0.1326611,-0.27269322,0.007791479,-0.01030896,0.05753043,0.056330618,0.1055575,0.115514085,-0.253508,-0.06284,0.18537657,-0.42851615,0.15541506,0.1522056,-0.106521726,-0.20795278,0.037752915,-0.12707324,0.10531207,0.5820963,-0.7067992,-0.071248904,-0.12898111,-0.10444601,-0.17641655,0.1147035,0.32401922,0.0153609365
13,-0.049832877,0.12060389,0.075408615,0.31809592,-0.08441127,-0.081114754,0.4606786,-0.148352,-0.24172507,-0.095988505,0.5261525,0.057800185,0.3373306,-0.08731067,-0.2823264,0.44095427,0.22319296,0.062417474,0.12655179,0.14472637,-0.004773892,-0.0025651988,0.0460169,-0.3414915,0.3454274,-0.028240569,0.30684683,-0.41659582,-0.15421583,0.33064505,0.31696847,-0.14365174,-0.23187384,0.060928214,0.32807767,0.20943588,0.22481446,-0.7082022,0.010261127,-0.13935278,0.29995453,0.1938359,0.32978228,-0.09160277,-0.025703445,-0.11470732,-0.21982966,0.06308191,0.058880474,0.056033444,0.3325407,-0.08430747,-0.16963966,0.14723833,-0.038287412,0.20691143,0.2752797,-0.07190076,0.07437027,-0.5186782,-0.21599506,-0.5274539,0.09420429,0.0857394
14,-0.038120463,-0.2013858,-0.30543822,0.09924559,-0.0011945759,-0.16003866,0.043798693,0.4315105,0.20347191,-0.21064225,0.19014485,0.10219645,0.121731564,0.05703151,0.030981395,-0.21204706,-0.098205,-0.00032730633,-0.00697952,-0.17709677,0.07178572,0.11799535,0.072953604,0.7243734,0.09700464,-0.24024566,0.33870953,0.09412198,-0.18717365,0.2916492,0.34210023,-0.20226108,-0.27565998,0.48427483,0.03078297,-0.5983961,0.17607121,-0.25846142,0.07988486,0.1315212,0.14159597,0.28748512,0.09624909,0.09216459,-0.10536542,-0.34208444,-0.0958425,-0.39925593,-0.09063583,-0.061230887,-0.04176105,-0.034830324,-0.11373299,-0.3382284,-0.33133024,0.13306725,-0.08106396,-0.028485117,-0.024905482,0.03075337,-0.05102545,-0.15459876,0.3263085,-0.08291316
15,0.014039268,0.37288007,-0.10957824,0.19178152,0.20007268,-0.10605198,0.2148997,-0.05132467,-0.027286937,0.010528189,-0.11075111,-0.11670431,0.055600986,-0.067020044,0.22865884,0.47036642,-0.07846406,0.08938189,0.11056583,-0.22469957,-0.3185157,-0.111008435,-0.13662337,0.111564346,-0.014635205,0.4752266,-0.028703805,-0.109731354,-0.055223294,0.008446022,0.22556604,-0.2530632,-0.07265382,0.5170244,-0.26075917,-0.6644172,-0.13295506,-0.33835614,0.18441847,-0.12586579,0.3345729,0.04735439,0.07275056,-0.02677123,0.05070204,-0.08938282,-0.040927418,-0.24368551,0.13515627,0.1792365,0.07899287,0.05873767,-0.39221987,-0.007054251,0.0659165,-0.016933935,-0.101064056,0.082736716,0.21322438,-0.01378753,-0.102452494,-0.09150809,-0.081735596,-0.09948755
16,-0.1546541,-0.050359324,0.14171861,-0.0024270322,0.4663471,0.03379678,0.0016097781,-0.29356864,-0.008215718,0.15028693,0.4445813,0.08269633,0.6541981,-0.04611702,0.045226116,0.23634478,0.11239798,-0.34722742,-0.0020961983,-0.043969374,-0.2572558,-0.24936402,0.42157283,-0.19312643,0.29343748,0.23264374,-0.511872,-0.07870604,-0.18620239,-0.07969683,0.06408378,0.13673396,-0.016087128,0.46696383,-0.109629706,-0.13511208,0.12185809,-0.1392044,0.007849792,0.0017309143,0.46717831,-0.25473273,-0.047093984,-0.15903188,0.05100773,0.1354032,0.43195882,-0.096019626,-0.5555802,-0.13917194,-0.23693407,0.1158276,-0.11997467,-0.39091665,-0.40501645,0.32935956,0.21155445,-0.07039824,0.009451093,-0.065657735,-0.03394114,0.22055358,0.13461462,0.14743508
17,0.2981392,0.21912386,0.37235147,-0.18051201,0.24398543,-0.042560883,0.27247587,0.113591254,-0.39767727,0.00056638045,0.30793568,0.09591998,-0.21108322,0.068318084,0.064241484,0.054437924,-0.21803284,0.014350219,-0.035745442,-0.20499717,0.30085438,-0.27462023,-0.29521665,0.35585293,0.12038919,0.5007363,0.06331556,0.052009404,0.017945103,-0.03965799,-0.24896215,0.049480923,0.1768549,0.028663158,0.11980301,0.010789015,-0.08023503,-0.38298082,-0.028482383,0.18690036,0.1902653,0.12393871,0.09480521,0.14974035,-0.5045728,0.055508032,0.18357022,-0.13206184,-0.47129592,-0.52237797,0.25239486,-0.08617253,0.021483725,0.17113999,-0.32199106,0.48990443,-0.3058477,-0.05941462,0.24147843,0.50976866,-0.15543182,-0.3234645,0.053971536,0.15045185
18,-0.7215063,0.5345546,-0.07879,0.41790438,-0.11710945,0.25040558,-0.4015986,0.25095734,-0.40669298,0.22576553,0.30136874,-0.18608801,-0.2096744,0.12316454,-0.3249593,0.46743038,-0.17549358,-0.047131196,-0.2098873,0.13119492,-0.002352109,0.39983603,0.48305604,0.9591427,-0.5430168,0.38110757,-0.021641705,-0.17273994,-0.7831871,0.30898368,-0.011475317,-0.124658175,-0.22767998,-0.32500443,0.3570421,-0.5086231,-0.32733762,-0.5352787,-0.0056216153,0.15655349,-0.18052529,-0.2866991,0.3926938,-0.36502418,0.09816737,-0.19908859,0.43005458,-0.20076343,-0.38530478,-0.42689124,-0.3834234,-0.17348672,0.04409425,0.11901788,0.7693834,-0.3176867,0.015432442,0.23491332,-0.44276232,0.5464925,-0.1775516,0.1693163,0.282467,0.7009868
19,-0.11584554,-0.067792974,0.04187385,-0.027079945,0.092796184,0.08412349,-0.06277289,-0.041504428,-0.2161216,0.13594906,0.20786525,0.19715203,0.029624317,0.0051953844,0.026531188,0.24399395,-0.32698503,-0.50162387,0.058913715,0.19448668,-0.32498258,-0.11208719,0.05412923,-0.092530526,0.019867301,0.119047605,0.3014603,0.08916766,0.009391048,0.26882493,0.09855079,-0.017100219,-0.09298245,-0.24317147,-0.18358852,-0.40232983,-0.054168854,-0.254178,0.19760309,-0.10591058,-0.20586346,0.06350883,-0.1794578,-0.06067843,-0.23119046,-0.11189832,0.26704723,-0.6635816,-0.046413902,0.0490523,-0.07144461,0.045032475,-0.29839635,0.25124145,-0.14770772,0.4597624,-0.0781167,-0.0700569,0.17153321,-0.046194088,0.29961094,-0.07818938,0.25179997,-0.27301383
22,0.084815815,0.105275065,0.4840335,0.11375211,0.22586139,0.3162947,0.23414981,-0.025714472,0.056896217,-0.014532955,0.019206375,-0.067809224,0.0027840785,0.018427206,0.2405131,0.024785144,0.07660882,-0.2726729,-0.1474839,-0.14240098,-0.45595542,0.1784662,-0.048515372,0.19353448,0.16998848,0.48517516,-0.091494314,-0.073284276,-0.29876065,0.49588057,0.2369055,0.066864334,-0.06403266,0.17063841,-0.003009021,-0.4851916,0.1178643,0.053196423,0.21374567,-0.4693223,-0.17500982,0.13906433,-0.024028813,-0.027662123,-0.25260013,0.010369061,0.21611337,0.59638983,-0.053963,0.34763294,0.058006726,0.047460932,0.28262848,-0.11535691,0.023126036,0.2192658,-0.3227965,0.022651305,-0.0942818,-0.048948,-0.13233456,-0.37970087,0.47926968,-0.12222828
23,-0.0006905519,0.112148345,-0.006777809,0.22561422,0.15725133,0.11794358,-0.012895005,-0.18132865,-0.21173543,-0.35815772,0.35709465,-0.04315115,0.050043605,0.27581334,-0.14686765,0.109026626,0.118445255,-0.10449924,0.096603826,-0.39200622,-0.038874626,0.09193894,0.05224921,0.23236209,0.16103217,0.17582692,-0.1015283,0.031432007,-0.08143488,-0.12448489,0.15047358,0.17995068,0.049573753,0.27437797,-0.0035954898,0.048617635,-0.028067164,-0.22191828,0.2667187,0.009713425,0.17327942,-0.04912599,-0.17922279,-0.08705703,0.056992922,-0.20268796,-0.1820748,-0.50984985,0.0913264,0.13608564,-0.06020093,0.120140284,0.3923689,0.27200267,0.14180608,0.30750287,-0.21440348,0.23569669,-0.37439457,0.19988377,0.0664924,-0.2467723,0.43186158,-0.66351706
24,0.028507141,-0.10429172,0.049854983,0.22373238,-0.14817925,0.030639514,0.37663606,-0.4604366,0.23945938,0.12646924,0.096009836,0.0969418,-0.08938294,0.18095203,-0.35725486,-0.026497284,-0.5693293,-0.31829113,0.05390159,0.15450846,-0.2845582,0.24250698,0.041322388,0.3259353,0.087144166,0.28924513,0.46778214,0.093106225,-0.29693085,-0.04056012,-0.27814952,0.31599483,0.2279293,0.6032599,-0.22100708,-0.3576551,0.16356699,-0.6003794,0.24601938,0.2181529,0.027124463,-0.11879494,0.017310156,-0.08903119,0.41039565,0.018676415,0.01582242,0.49007577,-0.16742809,-0.15138929,-0.00060867623,0.08169336,-0.10112978,0.17847855,-0.09719535,0.41784626,-0.21072666,0.09496193,0.063372724,-0.1041273,-0.010734428,0.003827379,0.19309703,-0.18114375
25,0.3192906,0.09586038,0.10454413,-0.2546202,0.23744167,-0.084607184,-0.014757822,-0.4311668,0.22091992,0.31023526,-0.24989057,-0.03539873,0.00012832417,-0.20214973,-0.37622198,0.019776054,-0.25862753,0.010583078,0.12357274,-0.25217032,-0.26693565,0.071723215,-0.30132294,0.17603055,-0.09048352,-0.022598522,-0.012814646,0.123331055,-0.13207932,0.19545683,0.14946169,0.010519549,-0.16139586,-0.078585476,0.2007504,-0.42476955,0.3080802,-0.066928335,-0.15180525,-0.11120324,0.43397442,0.072702065,0.34964314,0.07206858,0.16752312,-0.098333,0.40326244,-0.64113355,-0.62330514,0.04053141,0.039975587,0.04032142,0.34439513,0.19432859,-0.0026811769,0.16266109,0.122242965,0.5360388,0.10487526,-0.33650905,0.37219393,-0.22986354,0.12982851,0.29068056
26,-0.08156087,0.2878905,0.12963873,0.004121771,0.46112856,-0.056205414,-0.14354043,-0.47401598,0.049036093,0.2037558,0.059025545,-0.056204345,0.10457618,0.26726547,0.12428194,0.40203682,-0.16486886,0.019279001,-0.032206878,-0.2105439,-0.40055716,0.034165416,-0.026103793,-0.15376684,-0.33084825,-0.12272004,0.33888286,0.04964261,-0.40735653,0.10686467,0.10064974,0.13137987,-0.2056274,0.41246438,-0.08391764,0.24400018,0.07261731,-0.3158232,-0.036058374,0.34753683,-0.4817852,0.16622883,0.061692987,0.33108562,-0.27118796,0.20235488,-0.3557921,-0.119902134,-0.29164466,-0.1906877,-0.2406296,-0.08376129,0.29850855,-0.22007616,0.09829734,0.4696712,0.05500292,-0.039452676,-0.07678381,-0.15457863,-0.074512124,-0.3929603,-0.10884344,-0.11793496
27,0.039740454,0.28173408,0.43370438,0.11803638,-0.40453473,-0.37442473,0.20163018,-0.113128155,0.10235298,-0.4594258,-0.16066492,0.23465578,0.44322193,0.29538625,0.100011684,0.27714136,-0.42005876,-0.034844708,0.39513627,0.1585101,-0.15741158,0.015044445,-0.08330644,0.4163684,-0.024349274,-0.059333414,0.00053897605,-0.28085545,-0.29489797,-0.04799191,0.42986187,0.14969881,0.01848453,0.18405694,-0.13295008,-0.33440942,-0.06893633,-0.045040797,0.07135917,-0.32184875,0.3509896,0.111288995,-0.29018146,-0.0070228023,-0.2554032,0.15960088,0.042937383,-0.22006187,-0.683809,0.23430045,-0.00024322841,-0.11843837,-0.023258671,-0.030851163,0.17839152,-0.18130575,0.051506802,-0.14892961,-0.055698015,0.13034606,0.20076819,-0.25817138,-0.019771598,0.06322165
28,0.10745579,0.09875687,0.048992705,0.59842825,0.28237516,0.24488172,-0.10147963,-0.14731728,-0.58207875,0.18501344,0.050512865,0.3411422,0.005186805,-0.6302583,0.14839795,-0.025633503,-0.22570689,0.09307537,0.04740653,0.30177614,0.19167945,1.0249981,0.031697564,0.414888,-0.3198889,0.25669795,-0.1662611,-0.29822642,0.3848319,-0.08916237,0.15363848,0.30769056,-0.008521254,0.25317672,-0.40131983,0.07931849,0.06637821,0.05096025,-0.26521933,0.018050456,-0.017770553,0.12131181,-0.10240547,-0.30485505,0.097449236,0.05699898,0.19538006,-0.6701419,-0.38748497,0.014648713,0.26915556,-0.18024215,0.25739032,-0.40885535,-0.3597841,0.31525502,-0.41711426,0.11889435,-0.016712178,-0.32469043,-0.37577453,-0.28866994,-0.15315175,-0.15165459
29,-0.09836985,0.008155322,0.46431562,0.29181507,0.32011014,0.17874841,-0.1187078,-0.30228257,0.06792437,-0.5510577,0.18524782,-0.104103155,-0.22313255,0.2716602,-0.056655914,-0.068748355,-0.08800208,0.15936017,0.0100993905,0.04509026,-0.08175043,0.029893637,0.26348028,0.12953286,0.12673388,-0.003226701,-0.33733904,0.121319704,0.014407219,0.39037806,0.15805037,-0.08589102,-0.023537643,0.18512538,-0.0033516036,-0.038505897,0.28196546,-0.3567722,0.035671458,0.040617794,0.011883961,0.087164104,-0.09846194,-0.14784947,0.09293878,0.106954485,0.21297966,-0.47182885,-0.060088076,-0.02168487,-0.21230944,-0.120283596,-0.30358702,0.21537606,0.20021957,0.4119198,-0.5304158,-0.14290167,0.44500867,-0.08070615,0.1417969,-0.06892569,0.018231437,-0.16359074
33,0.21722542,-0.16591413,0.0497961,0.03359703,0.24420853,-0.0999181,0.18126309,-0.035096385,0.017383218,-0.16303222,0.1044617,-0.14908205,0.102373146,0.01775838,-0.26768097,0.5088335,-0.31226364,-0.027591908,0.027983198,-0.18591037,0.16498347,-0.12124135,0.19512239,0.09116611,0.21021838,0.21699345,0.1420014,-0.13505854,-0.21662779,0.21716021,-0.31998274,-0.08201413,-0.22997357,0.3790507,0.029081896,-0.2695561,0.09209697,0.08620266,0.1506965,-0.45638967,-0.18722841,0.23473224,-0.07960158,-0.35701895,-0.00900273,0.022998229,-0.30859998,-0.3451786,-0.5061982,0.062350877,0.16233936,-0.07453702,-0.44645602,0.091234736,0.20930053,0.62620836,-0.48770547,-0.01503593,-0.55069256,-0.14155915,-0.07472671,0.29557753,0.14294696,0.015811453
34,-0.026692575,-0.1879396,0.1976017,0.23957925,0.026737198,-0.11638748,0.20952876,-0.24330513,-0.13421632,-0.07350047,0.26608366,0.17700279,0.63401157,0.12846966,0.1363544,0.1443201,-0.2595527,-0.35998574,-0.26057297,-0.22486636,-0.120787166,-0.2518224,-0.23063031,0.4737083,-0.47424147,0.07770205,-0.01695917,-0.14213854,-0.22866985,-0.11804393,-0.08955526,-0.21630177,-0.1695136,0.067957014,0.27524933,0.16762805,0.0013303171,-0.008447296,0.27997324,-0.33478346,-0.20911342,0.13598159,0.24440895,-0.014249063,0.2508075,-0.36551917,0.049011666,-0.06982807,-0.3573748,-0.19181353,0.13004689,0.024718251,-0.49349406,-0.023448939,0.042033065,-0.28727236,-0.45709327,0.2761482,0.22194257,-0.15519713,-0.035656165,-0.10171473,-0.008112871,-0.5117536
35,-0.14154139,0.18058647,0.044336397,0.071502976,0.05571935,-0.023611654,-0.018243564,-0.3698172,-0.052039865,-0.15944417,-0.019754425,-0.15141103,0.08993266,-0.18793179,0.23423143,-0.14525989,-0.25233808,0.5434009,-0.23979579,-0.4585931,-0.325826,-0.027947258,0.16902663,0.09990282,-0.12480685,0.1497574,0.63573056,-0.1336413,0.24439713,-0.31199467,-0.32654837,-0.08273784,0.06204606,-0.21910039,0.12440399,-0.084012896,-0.101152994,-0.60581446,0.29146764,-0.23703331,0.28514957,0.12427527,0.22508468,-0.3369517,-0.059789784,0.35125047,0.23216414,-0.07990229,-0.4857876,-0.15102531,-0.32751498,-0.058116946,-0.12738612,0.045744512,-0.17388274,-0.27714795,-0.18674286,-0.36242276,-0.4111185,-0.19476075,0.3702819,-0.27946445,0.4070286,0.030698106
36,0.0028644672,0.5245251,0.24774383,0.12682214,-0.2891628,-0.15934974,-0.07686496,-0.094634496,0.13697281,0.09297538,0.14661168,0.058937658,-0.040990878,0.2375169,-0.101341635,0.018271683,-0.10363314,0.046217732,-0.16682959,-0.2032245,0.032036673,0.03656364,-0.047302797,0.18641165,0.16015707,0.2686145,-0.083733946,0.26998597,-0.12952836,-0.0347948,0.13412213,0.34078327,-0.052115925,-0.0782492,0.16038552,-0.04591007,0.015353927,-0.09319031,-0.10419006,0.03951768,-0.11887648,-0.015093916,-0.14172359,-0.19824375,-0.22071627,-0.20849456,-0.001621021,-0.3559473,-0.19312222,-0.059620775,0.16445884,-0.113686085,-0.30303168,-0.25072372,-0.24526711,-0.21177979,-0.2225365,0.090060204,-0.14599235,-0.52391464,-0.017368745,-0.11061098,0.30913216,-0.0044881557
37,-0.13191764,0.06580282,-0.017239193,-0.07652768,-0.118771546,0.05061446,-0.0036281652,-0.34270003,-0.23129606,0.0015920042,0.14583898,0.10798965,-0.16323064,-0.029207377,0.17738585,0.5182749,-0.25989234,0.05135114,-0.13490404,-0.08527622,0.10145566,-0.29379126,0.31651446,0.038386885,0.3341431,0.09822713,0.17906557,-0.0020821358,0.08577456,0.098364964,0.33415198,-0.08323081,0.18601352,0.116316654,0.2662459,-0.25230327,0.119790345,0.08360453,-0.13903397,0.16733092,-0.015924504,0.107107356,-0.014846849,0.009243227,0.3226659,-0.34141672,0.045636658,-0.07970328,-0.70079017,0.17841658,0.053584415,-0.010287299,0.11055787,-0.21851322,0.12706226,0.028966779,-0.22206311,-0.019011872,-0.13350461,-0.14592235,0.022233436,-0.16586202,-0.14663059,-0.15525375
38,0.12985298,-0.13245386,-0.21066469,0.36907116,-0.40670884,-0.06774415,-0.25814658,-0.35261664,-0.020095792,-0.10126066,-0.22157101,-0.20863152,0.45776144,0.107796244,0.1961557,0.45556146,-0.49970087,0.08305054,-0.2242239,0.041104868,-0.11037149,0.1873667,0.03497845,-0.099207535,0.71672845,0.13296425,-0.22962345,0.009143148,0.27357292,-0.14826597,-0.30638185,0.17586996,-0.7085996,0.45699096,-0.10953291,-0.23928489,-0.060886875,-0.2518508,-0.3087053,0.15116504,-0.31834212,-0.07752828,0.70411414,0.23114048,-0.41350925,-0.14609791,0.3639091,0.1646512,-0.5539481,0.051602684,0.11545268,0.04824713,0.06714568,0.3250797,-0.04502262,0.042194884,-0.5395478,0.059126377,0.10162289,0.26115358,0.2191498,0.07720843,0.2310846,-0.4092501
39,-0.5658296,0.27313077,0.19084129,-0.10804544,0.02602074,0.11719355,0.005466718,-0.15704568,0.15630649,-0.05288226,-0.198035,0.33540067,-0.021559015,-0.19388396,-0.26365504,-0.104444765,0.16708125,-0.1500653,-0.0057470696,-0.12586914,0.05285286,-0.23175582,0.26790616,0.28429762,-0.052556783,0.29937175,-0.20762457,-0.3427183,-0.15370965,0.3631872,-0.7387556,0.09233057,-0.095271826,0.49309388,0.13248077,-0.19520305,-0.17816414,-0.39225537,-0.106331125,-0.34407866,0.050494786,0.21382505,-0.04338039,0.4916279,0.086229585,-0.101083696,-0.19718552,-0.56110525,-0.26832205,0.02374101,0.31185234,-0.044161946,-0.08260591,-0.104387864,0.08092927,0.1705792,-0.07900484,-0.3633321,0.00570349,-0.023206597,0.12605686,-0.34652627,0.2761685,-0.43409276
44,0.29341942,-0.028356176,0.37367833,0.5077757,0.006968712,0.00262236,0.08126539,-0.39034626,0.030484645,0.043104,0.19720073,0.122391894,0.28811175,0.13868931,-0.18564631,0.12222418,-0.1753111,0.09184165,0.03216849,-0.41881424,-0.18740647,0.10892798,0.18964376,0.15941054,0.05766699,0.25796464,-0.059866272,-0.18248078,-0.05405453,0.0033192434,-0.13280593,-0.34975746,0.03001293,-0.43369275,0.15392916,-0.8005121,0.08772657,-0.23402946,-0.030779215,-0.0061842473,-0.061661437,-0.092507035,0.048073743,0.16102739,0.04415833,-0.16930123,-0.2829775,-0.24810882,0.10759141,0.024663651,-0.01635411,-0.07590576,-0.06418367,-0.40560916,-0.16003793,0.51304173,0.023562394,0.016860716,-0.014342407,0.086513914,-0.034825463,0.075076655,-0.14443243,-0.24512902
45,0.013874548,0.04375278,-0.26521,0.33623427,0.054340407,-0.12528375,0.09743636,-0.58659345,0.05429176,-0.024878219,-0.12190311,-0.13875084,-0.0059041507,0.0029793975,-0.05739293,0.022636125,-0.36120775,0.2745175,0.0065268483,-0.14904241,0.011021291,-0.30213052,0.024451453,0.5289799,-0.14309107,0.26098952,0.115502015,0.07847368,-0.14076345,0.15939291,0.4141362,0.16656816,-0.031214714,0.24342315,0.19959255,-0.061447207,-0.15162621,-0.17006063,-0.10851816,-0.3030129,0.04582065,0.074862294,-0.21233076,-0.44966048,-0.27445504,-0.100213036,0.27885053,-0.0541249,0.12535392,-0.1871569,0.3089868,-0.03110035,0.3399669,0.02063446,-0.182608,0.37304172,0.15572609,-0.15994547,0.23289943,-0.2004232,0.056794852,0.33618942,0.06865059,-0.2866381
46,0.13775547,0.09034588,-0.30972746,0.056575544,-0.003058892,-0.16314103,-0.12064169,-0.21655357,0.090905495,-0.16677707,0.110707834,0.24427707,-0.0020134342,0.2479945,-0.07750398,-0.16212341,-0.24692921,0.11420775,-0.21265258,0.012133161,0.10367936,-0.15501824,-0.057925645,0.05321315,0.001537122,0.1235113,-0.33529145,0.02245,-0.2330235,0.10266702,0.12642547,-0.10106866,-0.16516598,-0.14362769,-0.532015,-0.37523854,-0.06803515,-0.045186132,-0.10558905,-0.19293529,-0.08040846,-0.1181147,0.2819778,-0.26020923,0.21376261,-0.05825404,0.026987052,0.029033244,-0.045709297,-0.3850129,0.04591191,0.13941349,0.04900441,-0.17319027,-0.022211108,0.67072004,-0.19463383,-0.18026978,-0.31793565,-0.072849356,0.16937225,-0.8108419,-0.0918574,-0.029199349
47,-0.06645073,-0.008193584,0.30843067,0.015053949,0.08317522,0.064605236,0.069980584,-0.14744043,0.03600874,-0.05313973,-0.010941733,0.31859642,0.07894095,0.2366875,0.1868584,0.0003872104,-0.51660746,0.27419958,-0.40721005,0.020964347,-0.19037957,0.012180949,-0.053429414,-0.123719685,0.0998288,0.08313947,0.12683406,-0.0010906385,-0.14300354,-0.034896772,-0.025405625,0.14475374,-0.017364774,0.12826918,-0.037426002,-0.49233758,-0.18685403,0.055128187,-0.46890038,-0.12911679,0.24574375,0.24406546,-0.08251652,-0.33266824,-0.028593376,-0.2011517,-0.238786,-0.17935425,-0.093921825,-0.17922314,-0.21799153,-0.31814253,-0.058808394,0.26103312,-0.09027535,0.16446164,0.4459762,0.35716045,0.11086599,0.012055288,-0.33520263,-0.263403,0.34066215,-0.11902918
48,0.27732,0.7648533,0.28030217,0.09797995,-0.018885333,-0.082521506,-0.19293371,-0.29598224,0.42124632,0.20300613,-0.28325775,-0.5723428,0.4877682,-0.093163624,0.1702542,-0.5916427,-0.1391225,-0.5284431,-0.08940531,0.49781674,-0.066603415,-0.19593538,0.4003475,0.62001497,0.38471863,0.44264206,0.28024098,-0.28047404,0.032131158,-0.17935742,-0.24993068,-0.3556932,-0.000839043,0.14625609,0.23084685,0.06477699,0.16570905,-0.13417979,0.042084657,0.12184046,0.06285981,0.30030075,-0.18210578,-0.26720586,-0.2715836,-0.54864055,0.38609907,-0.53593796,0.1989909,0.18748522,-0.38189173,0.16253337,-0.05895856,0.35981333,0.012704025,0.41071367,-0.23483743,0.090798624,-0.49189565,0.0703255,-0.56051546,-0.70525575,-0.7116097,-0.19548777
49,0.009673129,0.28207377,-0.048622843,0.26158518,0.119219765,0.35638312,0.15826015,-0.11552398,-0.12483683,-0.10200024,0.10690767,0.15803923,-0.10449491,0.21513104,0.084866285,-0.13657138,-0.39818376,0.0059722792,-0.01563402,-0.006854646,-0.22055458,-0.3871404,-0.095405385,0.20965151,0.16221584,-0.34690946,0.059031922,-0.2412656,-0.07014014,0.30999014,0.060628958,0.26561895,-0.20936735,-0.06024817,0.0032547466,-0.099930495,0.19808552,-0.34003538,-0.27916032,-0.07983764,0.1243198,0.18361238,0.08287116,0.39103872,0.20631418,0.29827458,0.4925772,-0.3234551,0.050049044,-0.0079103755,0.30302367,-0.25224915,-0.4343616,-0.133637,-0.292708,0.24190028,-0.03942131,0.1557659,-0.7781638,0.15085626,0.019752927,0.14850749,0.04239559,-0.3141863
55,0.06793024,0.18230629,-0.10841819,0.3080387,0.14467375,-0.013555895,0.11405957,0.030947838,-0.11142411,0.027455784,-0.18733907,0.126419,0.04729416,0.38409454,-0.27554315,0.12648465,-0.40566844,-0.17803396,-0.11413898,-0.26043642,-0.35050914,0.1040861,0.12275385,0.3430853,-0.1262223,0.20687954,-0.08722175,0.04398603,0.06428386,0.055333927,0.27000803,-0.28604499,0.25764352,0.20686984,-0.16222553,0.31633663,-0.04806674,-0.0024502454,-0.37891847,-0.22699432,0.40529403,0.11125606,0.13651615,0.047397014,-0.19792284,-0.3046538,-0.073748454,0.11968266,-0.44503763,0.3093409,-0.2021484,-0.11010707,-0.18116483,0.20900355,-0.20910236,0.38374397,0.02567999,-0.32968104,-0.16783857,-0.22853045,0.14136219,0.0034017502,0.055408075,0.044761263
56,0.048742585,0.35598236,-0.3566888,-0.38681644,-0.0053731855,0.13854945,0.58691823,-0.36960584,0.054716453,-0.44807896,0.055908054,0.17772704,0.23668422,-0.048497956,-0.12809809,0.03727417,-0.23437858,-0.5256799,-0.17596151,-0.6669759,0.44078425,0.47314173,0.1979794,0.026665226,0.058167193,0.3266411,-0.31827173,0.06302738,-0.09384471,0.21200868,0.35580567,-0.14608333,-0.05236142,0.093692414,0.10580937,-0.43947348,-0.24768189,-0.4231756,0.2790983,0.43363127,-0.032365188,0.85613537,0.107220255,-0.15065286,-0.10630446,0.4987356,0.38368887,-0.050489575,-0.1332589,0.114720576,-0.02741077,-0.09863577,-0.30083176,0.08730485,-0.0052346173,0.38063163,0.42835894,0.09171489,-0.021008635,-0.03724457,0.03938965,0.092790596,-0.250078,-0.39119408
57,0.038425475,0.15882614,0.22917898,-0.060924068,0.27638507,0.0927843,0.23669685,0.07922114,-0.08966736,-0.09886816,-0.18711951,0.11444603,0.2454403,-0.029215151,-0.05692937,0.6234062,-0.4293548,0.20366144,-0.050438743,0.09819795,0.30547407,-0.004011723,0.29526323,0.46850753,0.25865263,0.09126387,-0.09457584,0.1421092,-0.22819667,-0.22207868,0.05718692,-0.01370822,0.00729081,-0.10106151,-0.120571055,-0.040673725,-0.08005914,-0.24747178,0.28469956,-0.03981769,0.047096234,0.15175053,0.024117727,0.3415052,0.08676413,-0.0064349133,0.31410837,-0.1329602,0.4124824,-0.023120433,-0.19912867,-0.12986355,0.12488079,-0.11314829,-0.16383505,0.22428282,-0.14730206,0.08112228,0.10892309,-0.41834474,-0.03167472,-0.13336802,0.2592917,-0.14207451
58,-0.90632284,-0.45507786,0.7801511,-0.09007529,-0.07511235,-0.040285636,-0.06359581,0.024045074,-0.31198865,0.2762405,0.06426358,-0.3068506,0.32085186,-0.0809896,-0.42331412,-0.14489512,-0.15493326,-0.08710706,-0.15507363,-0.19839166,-0.19591375,-0.017402353,-0.03722252,0.45850214,-0.19352172,-0.105146065,0.01651888,0.43139878,0.25558898,-0.5022802,0.7793865,-0.13209678,-0.60536575,-0.06296022,-0.18918326,-1.08105,0.096242934,-0.008089804,-0.43656003,-0.012634265,0.6917037,0.2316196,-0.31376258,0.35420433,-0.36444762,0.29211697,0.010132822,0.42861158,-0.13943258,-0.4690167,0.34559172,-0.016982708,-0.12939833,0.39312586,0.46305105,0.16973718,-0.61874956,-0.33821192,-0.4663993,-0.3799184,-0.4487557,-0.059355907,-0.24439824,-0.58770126
59,-0.080865346,0.13921842,0.18500325,-0.082599096,-0.2656558,0.1042144,0.15666026,-0.5360325,-0.35358167,-0.1626875,-0.052249685,0.320074,0.08118763,0.3330564,-0.1558555,0.16818687,0.8572578,0.18267004,-0.0917464,0.03187165,-0.52549154,0.22434264,-0.29958194,0.57003343,0.52307767,-0.26033854,0.3851122,0.53882354,-0.39391473,0.19333127,-0.35809106,-0.17034797,-0.13662268,0.17265655,-0.17803971,-0.12543309,-0.41642052,-0.004397143,-0.09653523,-0.50166696,0.15878278,0.32162473,0.14517608,-0.32028875,0.0094438065,0.12933142,0.10636091,-0.31631467,-0.3316014,0.09365904,-0.18292655,0.13864492,-0.096157245,-0.3174912,-0.12279328,0.17154707,-0.20238131,0.18635662,0.12587969,0.06655898,-0.18051004,0.075003505,-0.27437252,-0.15485105
66,-0.41231003,-0.02448511,0.46064335,-0.09673486,0.07289492,-0.2638782,-0.32081088,-0.42424908,0.08040425,0.057542987,-0.017603025,0.041174795,0.12791769,0.30169037,-0.06910824,0.134272,-0.64472353,-0.021671768,-0.11085707,-0.11739814,-0.0503184,0.29221427,0.0142517965,0.12400071,0.14640556,0.13407744,0.06345527,0.16035414,0.37694496,0.09660086,0.45577273,-0.20230158,0.092900574,0.33908778,0.07384715,0.045541693,-0.12423956,-0.43838367,0.25016665,-0.24063088,-0.08418387,0.20853004,0.055806395,-0.15154892,0.036624465,-0.098659955,0.03206241,-0.14541616,0.25741717,0.078346625,0.4762662,-0.14619651,0.0044565513,-0.20700197,-0.27219203,0.15914229,-0.00343101,0.21826605,-0.27272052,0.31749925,0.18240595,-0.09871762,0.10952282,0.3824935
67,-0.27057108,0.25206563,0.0473334,0.071184844,0.027487818,0.053103924,0.27958885,-0.321284,-0.16184294,0.024604829,-0.047115777,0.0880049,0.0399669,-0.179485,-0.108129315,-0.09596997,-0.3113892,0.22879478,-0.07372506,0.03301656,-0.11680557,-0.09622234,0.023139782,0.4065591,0.11968032,-0.37228262,-0.23072824,-0.17792273,-0.40152806,-0.0042953617,0.34479547,-0.10787215,0.046416953,0.14805381,0.13756453,-0.33430445,-0.041762985,-0.030981064,0.06130684,0.15549588,-0.1116215,-0.029666897,-0.04460966,-0.13629083,-0.2642223,-0.017221259,-0.38149172,0.06192214,-0.13162185,0.13586996,-0.07608082,0.19518794,-0.15468113,0.36521873,-0.5308686,0.14425243,-0.31441313,0.15067647,-0.08183383,0.0018950839,0.11584261,-0.103116885,-0.04996971,0.09333339
68,0.369794,-0.012245588,0.54334676,-0.31786567,-0.4085852,0.023445684,0.12885581,0.29771605,-0.1283374,0.58596945,-0.16053288,-0.04004542,-0.38253862,0.29893437,-0.37516782,0.24792878,0.039700072,0.44991452,-0.24991599,0.155207,-0.124948,0.34198976,0.1150299,-0.58190686,-0.08595966,-0.03968708,-0.32852423,-0.15444197,-0.18229952,0.05535921,0.80952144,-0.044109892,-0.046700064,0.55268365,0.3252067,-0.14391327,-0.20040788,-0.4840895,0.41439742,-0.3738412,0.0650495,-0.07489631,0.036400348,-0.14118458,0.011688299,-0.34180427,0.34019247,-0.4305708,-0.40882573,-0.45143488,-0.25881678,-0.02939678,-0.18412055,-0.0060172947,-0.4195409,-0.30130577,0.006833641,-0.24248633,-0.3141549,0.023462173,0.12829037,-0.030673172,-0.33001706,-0.78471655
69,-0.24850622,0.2513914,0.20637618,-0.0033863299,-0.12979047,0.18649812,0.019731177,0.295124,0.15803738,-0.5213108,-0.062774695,-0.02542502,0.11590099,-0.06816985,-0.008070518,0.33057854,-0.35111198,-0.05610021,-0.068997644,-0.0072679273,-0.3807966,-0.0427863,0.09409241,-0.11444235,-0.052117467,0.30957887,0.34525204,-0.012796794,-0.22644152,0.28758135,0.026405262,-0.10093706,-0.13339779,0.09357979,0.000719631,-0.023943862,-0.1153069,0.30446422,0.10120991,0.24743077,0.22399814,-0.08743426,0.21454011,-0.16704158,-0.074510366,-0.018801033,0.05824732,-0.2789133,-0.13414241,-0.121155225,0.3216766,-0.15834072,0.10747266,-0.14414325,-0.38071743,0.32773235,-0.31209013,0.12685433,-0.010624342,-0.1346749,-0.03395674,0.02009858,-0.21638583,-0.24823849
77,0.06700553,0.100320235,0.14923456,-0.35170072,-0.14052908,0.082889095,0.0105945645,-0.43030593,0.16836043,-0.13908276,0.3374562,0.18905823,-0.012450303,-0.71492565,0.10396411,0.17408967,-0.30491054,0.11621224,0.13935,0.08674007,-0.66516006,0.05869738,-0.06381886,0.60692906,0.21598811,0.6700658,-0.13869384,0.3971439,-0.13231127,-0.15339956,0.63153106,0.084779,-0.2950364,-0.09007757,-0.09050594,0.3476591,0.044903576,-0.13378066,-0.1801827,-0.21335897,-0.096646264,0.10239826,0.18770878,0.022318775,0.20977491,-0.28588808,-0.3671316,-0.15671307,0.013617971,-0.13569818,-0.30917677,-0.27385804,-0.11065903,-0.035106175,0.057653837,0.3227611,0.16017234,-0.28581393,-0.2946521,0.19241722,0.226977,0.028270457,0.029876102,0.01477374
78,-0.20668954,0.32803458,-0.19189522,0.26457405,-0.33913004,0.05498761,-0.032499935,-0.1885471,0.5163432,0.43231553,0.1461897,0.20218459,-0.02202801,-0.19622183,0.3132034,-0.074026264,0.38938117,0.4419603,0.41551992,-0.08899662,0.1449113,0.2443363,0.7012116,-0.13453682,0.2617856,0.24623135,0.13351315,0.007439804,-0.14055195,0.07582277,0.6096443,-0.83653575,0.5420031,0.20139998,-0.23599997,0.22938843,-0.114028685,0.39043716,-0.16176707,-0.42747447,-0.072356254,0.13772099,0.111852735,0.4263867,-0.4632488,0.4023889,0.1691995,-0.1799258,-0.42462975,-0.68795264,0.31363836,-0.010222385,-0.39264724,0.26942095,0.16775087,0.89320636,-0.24962434,0.8325914,-0.19699484,-0.046192262,0.06883651,-0.14782795,0.5916906,-0.4159841
79,-0.0064632567,0.18924579,0.015239259,-0.25853178,-0.011668859,-0.040396992,0.11321866,-0.16109356,-0.016647866,-0.33008212,-0.47295803,0.20920634,0.29692695,0.16179974,0.09625316,0.115769304,-0.06516523,0.045164097,-0.049658127,-0.05128181,-0.0024502426,-0.07343079,-0.025348982,0.095369905,-0.033682153,0.22140001,0.12663728,0.078267574,0.22781146,0.59777755,0.3192526,-0.07875599,0.019464208,-0.19676894,-0.046516683,-0.12562329,0.11206932,-0.8864445,-0.13227695,-0.05789124,-0.11393458,-0.39817187,0.013833332,0.008945986,0.057403043,0.028664837,-0.15529494,-0.15760782,-0.38280246,-0.35327706,-0.13090704,0.094786406,0.09781348,0.15560162,-0.32159713,-0.2339146,-0.25726768,0.09552162,-0.1981627,-0.040844135,-0.4299193,0.11276325,0.1440331,-0.09917998
88,-0.25863153,0.16241357,0.49017465,0.059488952,0.26700905,-0.2101163,0.40152892,0.4312452,0.08314665,0.20645696,0.07455873,0.45175117,0.116064504,-0.008402517,0.06744546,0.03400348,-0.2931594,-0.09673403,0.098317474,-0.360346,0.1322778,0.12116704,-0.19535327,0.23323503,0.3014392,0.15864211,0.17898577,0.059126396,0.17051768,0.1420541,0.09867478,-0.030513532,0.10675147,0.64418465,0.45546958,-0.20248233,-0.043446966,-0.24555118,-0.70297104,-0.065439455,-0.23993364,-0.36419386,0.25899005,-0.5096155,-0.07625738,0.22774549,0.17846122,-0.23383361,0.4080747,-0.03892444,-0.33980113,0.23147064,0.11139239,-0.0501203,0.32726124,0.27727365,-0.21226037,-0.033579864,-0.2687248,-0.15796879,0.3510632,-0.11672143,-0.28836316,-0.33577624
89,0.12321174,-0.24773166,0.3173675,-0.44270897,-0.2294589,0.12414721,0.6056308,-0.62258285,-0.28794232,-0.06593618,0.30513757,-0.014544088,0.29703075,0.55949026,-0.33575502,-0.63586795,0.3027988,0.65851694,-0.10180669,-0.22249709,0.20046729,-0.15040414,0.51458275,0.3815208,-0.3319577,0.87084705,0.6040822,-0.65259796,0.34650907,0.25265232,0.5201049,0.08911225,-0.5483635,0.5785794,-0.45025983,0.035310525,-0.5350681,0.51615417,-0.3993671,0.35583693,-0.21557544,-0.3766424,-0.0070086466,0.27701706,0.040095534,-0.23080842,0.31709743,-0.2630196,0.14205146,0.3468018,-0.16691886,0.010595001,-0.25197148,-0.0019499995,-0.032394238,0.24436715,-0.4707864,0.39621985,-0.002404955,-0.4256632,0.3262681,-0.045288388,0.07556218,0.73494893
99,0.08964334,-0.10955227,-0.07358941,0.0038516824,0.004038416,-0.13613391,-0.19770584,-0.11724235,-0.18750642,-0.29560864,-0.09799505,0.4015364,0.09703725,0.013569266,-0.00074355095,0.29175484,0.027629636,0.22648026,-0.07483373,-0.39166126,-0.44161233,0.14572413,0.17719875,0.342398,0.009449303,0.28698653,-0.013269143,-0.022947548,-0.33711535,0.068026796,0.11296119,0.103072055,0.050255008,0.36634997,-0.023714544,-0.4101087,-0.023324734,-0.5086363,-0.21619245,0.050875805,-0.010792778,0.092278846,-0.08029647,-0.103770144,-0.17169522,-0.17731048,0.27281064,0.047047094,0.07882066,-0.31372002,0.01848992,0.06775934,-0.17588332,0.2393524,-0.2638894,-0.30504102,-0.011168031,0.11674994,-0.13524044,-0.09768636,0.047196005,-0.33089462,-0.08637213,0.04241507
